Date,Adj_appl,Adj_goog,Adj_msft,Adj_amzn,Adj_fb
5/25/2018,188.580002,1075.660034,98.360001,1610.150024,184.919998
5/24/2018,188.149994,1079.23999,98.309998,1603.069946,185.929993
5/23/2018,188.360001,1079.689941,98.660004,1601.859985,186.899994
5/22/2018,187.160004,1069.72998,97.5,1581.400024,183.800003
5/21/2018,187.630005,1079.579956,97.599998,1585.459961,184.490005
5/18/2018,186.309998,1066.359985,96.360001,1574.369995,182.679993
5/17/2018,186.990005,1078.589966,96.18,1581.76001,183.759995
5/16/2018,188.179993,1081.77002,97.150002,1587.280029,183.199997
5/15/2018,186.440002,1079.22998,96.900002,1576.119995,184.320007
5/14/2018,188.149994,1100.199951,97.606934,1601.540039,186.639999
5/11/2018,188.589996,1098.26001,97.278358,1602.910034,186.990005
5/10/2018,189.309998,1097.569946,97.487457,1609.079956,185.529999
5/9/2018,186.640305,1082.76001,96.521645,1608,182.660004
5/8/2018,185.335327,1053.910034,95.396515,1592.390015,178.919998
5/7/2018,184.448746,1054.790039,95.804749,1600.140015,177.970001
5/4/2018,183.123856,1048.209961,94.749321,1580.949951,176.610001
5/3/2018,176.21051,1023.719971,93.664024,1572.079956,174.020004
5/2/2018,175.891754,1024.380005,93.106445,1569.680054,176.070007
5/1/2018,168.450439,1037.310059,94.590012,1582.26001,173.860001
4/30/2018,164.625183,1017.330017,93.116394,1566.130005,172
4/27/2018,161.696487,1030.050049,95.406471,1572.619995,173.589996
4/26/2018,163.589188,1040.040039,93.85321,1517.959961,174.160004
4/25/2018,163.021362,1021.179993,91.911621,1460.170044,159.690002
4/24/2018,162.314102,1019.97998,92.718124,1460.089966,159.690002
4/23/2018,164.60527,1067.449951,94.938499,1517.859985,165.839996
4/20/2018,165.08342,1072.959961,94.590012,1527.48999,166.279999
4/19/2018,172.13623,1087.699951,95.695221,1556.910034,168.100006
4/18/2018,177.15686,1072.079956,96.023796,1527.839966,166.360001
4/17/2018,177.555328,1074.160034,95.655396,1503.829956,168.660004
4/16/2018,175.144638,1037.97998,93.763588,1441.5,164.830002
4/13/2018,174.058807,1029.27002,92.678299,1430.790039,164.520004
4/12/2018,173.471085,1032.51001,93.17614,1448.5,163.869995
4/11/2018,171.777618,1019.969971,91.463562,1427.050049,166.320007
4/10/2018,172.584503,1031.640015,92.479156,1436.219971,165.039993
4/9/2018,169.39679,1015.450012,90.378265,1406.079956,157.929993
4/6/2018,167.733215,1007.039978,89.840599,1405.22998,157.199997
4/5/2018,172.13623,1027.810059,91.981316,1451.75,159.339996
4/4/2018,170.950806,1025.140015,91.931534,1410.569946,155.100006
4/3/2018,167.743164,1013.409973,89.322838,1392.050049,156.110001
4/2/2018,166.039734,1006.469971,88.13797,1371.98999,155.389999
3/29/2018,167.135513,1031.790039,90.876106,1447.339966,159.789993
3/28/2018,165.8405,1004.559998,89.004219,1431.420044,153.029999
3/27/2018,167.693359,1005.099976,89.083878,1497.050049,152.220001
3/26/2018,172.106354,1053.209961,93.375275,1555.859985,160.059998
3/23/2018,164.306427,1021.570007,86.803757,1495.560059,159.389999
3/22/2018,168.201401,1049.079956,89.402496,1544.920044,164.889999
3/21/2018,170.612106,1090.880005,92.080887,1581.859985,169.389999
3/20/2018,174.566864,1097.709961,92.728081,1586.51001,168.149994
3/19/2018,174.626633,1099.819946,92.489113,1544.930054,172.559998
3/16/2018,177.336182,1135.72998,94.191734,1571.680054,185.089996
3/15/2018,177.963745,1149.579956,93.773552,1582.319946,183.860001
3/14/2018,177.754562,1149.48999,93.444969,1591,184.190002
3/13/2018,179.278687,1138.170044,94.002563,1588.180054,181.880005
3/12/2018,181.021957,1164.5,96.352371,1598.390015,184.759995
3/9/2018,179.288635,1160.040039,96.123367,1578.890015,185.229996
3/8/2018,176.26033,1126,94.022469,1551.859985,182.339996
3/7/2018,174.357666,1109.640015,93.454933,1545,183.710007
3/6/2018,175.991364,1095.060059,92.917259,1537.640015,179.779999
3/5/2018,176.140793,1090.930054,93.235878,1523.609985,180.399994
3/2/2018,175.533142,1078.920044,92.64843,1500.25,176.619995
3/1/2018,174.327774,1069.52002,92.449287,1493.449951,175.940002
2/28/2018,177.435791,1104.72998,93.365318,1512.449951,178.320007
2/27/2018,177.704758,1118.290039,93.793457,1511.97998,181.460007
2/26/2018,178.282532,1143.75,95.008194,1521.949951,184.929993
2/23/2018,174.825851,1126.790039,93.654068,1500,183.289993
2/22/2018,171.837372,1106.630005,91.334129,1485.339966,178.990005
2/21/2018,170.412872,1111.339966,91.095154,1482.920044,177.910004
2/20/2018,171.18988,1102.459961,92.319855,1468.349976,176.009995
2/16/2018,171.767639,1094.800049,91.602959,1448.689941,177.360001
2/15/2018,172.3255,1089.52002,92.260117,1461.76001,179.960007
2/14/2018,166.727081,1069.699951,90.418091,1451.050049,179.520004
2/13/2018,163.708725,1052.099976,89.024132,1414.51001,173.149994
2/12/2018,162.084991,1051.939941,88.330406,1386.22998,176.410004
2/9/2018,155.809189,1037.780029,87.388939,1339.599976,176.110001
2/8/2018,153.926437,1001.52002,84.247375,1350.5,171.580002
2/7/2018,158.281815,1048.579956,88.806107,1416.780029,180.179993
2/6/2018,161.744293,1080.599976,90.510681,1442.839966,185.309998
2/5/2018,155.25589,1055.800049,87.210556,1390,181.259995
2/2/2018,159.234253,1111.900024,90.956635,1429.949951,190.279999
2/1/2018,166.456848,1167.699951,93.414398,1390,193.089996
1/31/2018,166.109604,1169.939941,94.157661,1450.890015,186.889999
1/30/2018,165.653244,1163.689941,91.908028,1437.819946,187.119995
1/29/2018,166.635422,1175.579956,93.077446,1417.680054,185.979996
1/26/2018,170.157425,1175.839966,93.216187,1402.050049,190
1/25/2018,169.760574,1170.369995,91.501709,1377.949951,187.479996
1/24/2018,172.846054,1164.23999,90.996284,1357.51001,186.550003
1/23/2018,175.643814,1169.969971,91.075562,1362.540039,189.350006
1/22/2018,175.604141,1155.810059,90.78817,1327.310059,185.369995
1/19/2018,177.052628,1137.51001,89.192604,1294.579956,181.289993
1/18/2018,177.846313,1129.790039,89.29171,1293.319946,179.800003
1/17/2018,177.687576,1131.97998,89.331352,1295,177.600006
1/16/2018,174.800537,1121.76001,87.557411,1304.859985,178.389999
1/12/2018,175.69342,1122.26001,88.796204,1305.199951,179.369995
1/11/2018,173.897705,1105.52002,87.289833,1276.680054,187.770004
1/10/2018,172.915497,1102.609985,87.032166,1254.329956,187.839996
1/9/2018,172.9552,1106.26001,87.428581,1252.699951,187.869995
1/8/2018,172.975037,1106.939941,87.488037,1246.869995,188.279999
1/5/2018,173.619904,1102.22998,87.398849,1229.140015,186.850006
1/4/2018,171.665436,1086.400024,86.328537,1209.589966,184.330002
1/3/2018,170.871735,1082.47998,85.575356,1204.199951,184.669998
1/2/2018,170.901505,1065,85.17894,1189.01001,181.419998
12/29/2017,167.895416,1046.400024,84.772621,1169.469971,176.460007
12/28/2017,169.73082,1048.140015,84.951004,1186.099976,177.919998
12/27/2017,169.254608,1049.369995,84.941093,1182.26001,177.619995
12/26/2017,169.224838,1056.73999,84.633873,1176.76001,175.990005
12/22/2017,173.629822,1060.119995,84.742889,1168.359985,177.199997
12/21/2017,173.629822,1063.630005,84.732979,1174.76001,177.449997
12/20/2017,172.975037,1064.949951,84.752792,1177.619995,177.889999
12/19/2017,173.163528,1070.680054,85.06002,1187.380005,179.509995
12/18/2017,175.028717,1077.140015,85.60508,1190.579956,180.820007
12/15/2017,172.598022,1064.189941,86.070869,1179.140015,180.179993
12/14/2017,170.861832,1049.150024,83.930252,1174.26001,178.389999
12/13/2017,170.911438,1040.609985,84.584328,1164.130005,178.300003
12/12/2017,170.345932,1040.47998,84.812263,1165.079956,176.960007
12/11/2017,171.308289,1041.099976,84.465401,1168.920044,179.039993
12/8/2017,168.034302,1037.050049,83.405006,1162,179
12/7/2017,167.984711,1030.930054,81.749977,1159.790039,180.139999
12/6/2017,167.677139,1018.380005,82.037376,1152.349976,176.059998
12/5/2017,168.30217,1005.150024,80.858047,1141.569946,172.830002
12/4/2017,168.460922,998.679993,80.352631,1133.949951,171.470001
12/1/2017,169.70105,1010.169983,83.504105,1162.349976,175.100006
11/30/2017,170.494751,1021.409973,83.414909,1176.75,177.179993
11/29/2017,168.143433,1021.659973,82.592354,1161.27002,175.130005
11/28/2017,171.705139,1047.410034,84.118538,1193.599976,182.419998
11/27/2017,172.717072,1054.209961,83.117607,1195.829956,183.029999
11/24/2017,173.590149,1040.609985,82.513077,1186,182.779999
11/22/2017,173.580231,1035.959961,82.364426,1156.160034,180.869995
11/21/2017,171.774567,1034.48999,82.968948,1139.48999,181.860001
11/20/2017,168.639496,1018.380005,81.789627,1126.310059,178.740005
11/17/2017,168.808151,1019.090027,81.660789,1129.880005,179
11/16/2017,169.750671,1032.5,82.453613,1137.290039,179.589996
11/15/2017,167.746582,1020.909973,82.235588,1126.689941,177.949997
11/14/2017,169.988754,1026,82.879761,1136.839966,178.070007
11/13/2017,172.598022,1025.75,82.761429,1129.170044,178.770004
11/10/2017,173.292511,1028.069946,82.702271,1125.349976,178.460007
11/9/2017,173.86795,1031.26001,82.919197,1129.130005,179.300003
11/8/2017,174.223831,1039.849976,83.382652,1132.880005,179.559998
11/7/2017,172.810165,1033.329956,83.096687,1123.170044,180.25
11/6/2017,172.256577,1025.900024,83.293907,1120.660034,180.169998
11/3/2017,170.526596,1032.47998,82.968498,1111.599976,178.919998
11/2/2017,166.186829,1025.579956,82.879761,1094.219971,178.919998
11/1/2017,164.980774,1025.5,82.021866,1103.680054,182.660004
10/31/2017,167.106186,1016.640015,82.021866,1105.280029,180.059998
10/30/2017,164.812729,1017.109985,82.721985,1110.849976,179.869995
10/27/2017,161.184708,1019.27002,82.643105,1100.949951,177.880005
10/26/2017,155.609222,972.559998,77.663406,972.429993,170.630005
10/25/2017,154.620682,973.330017,77.535217,972.909973,170.600006
10/24/2017,155.302765,970.539978,77.762024,975.900024,171.800003
10/23/2017,154.383408,968.450012,77.732437,966.299988,171.270004
10/20/2017,154.462494,988.200012,77.712708,982.909973,174.979996
10/19/2017,154.195572,984.450012,76.825249,986.609985,174.559998
10/18/2017,157.932343,992.809998,76.529427,997,176.029999
10/17/2017,158.634216,992.179993,76.509697,1009.130005,176.110001
10/16/2017,158.050964,992,76.568863,1006.340027,174.520004
10/13/2017,155.194031,989.679993,76.411095,1002.940002,173.740005
10/12/2017,154.215363,987.830017,76.046249,1000.929993,172.550003
10/11/2017,154.759079,989.25,75.355988,995,172.740005
10/10/2017,154.116486,972.599976,75.227798,987.200012,171.589996
10/9/2017,154.057175,977,75.227798,990.98999,172.5
10/6/2017,153.523361,978.890015,74.941841,989.580017,172.229996
10/5/2017,153.612335,969.960022,74.912254,980.849976,171.240005
10/4/2017,151.724197,951.679993,73.650078,965.450012,168.419998
10/3/2017,152.712738,957.789978,73.226067,957.099976,169.960007
10/2/2017,152.050415,953.27002,73.57119,959.190002,169.470001
9/29/2017,152.356857,959.109985,73.452858,961.349976,170.869995
9/28/2017,151.526474,949.5,72.841492,956.400024,168.729996
9/27/2017,152.465607,944.48999,72.82177,950.869995,167.679993
9/26/2017,151.388062,924.859985,72.239983,938.599976,164.210007
9/25/2017,148.827698,920.969971,72.239983,939.789978,162.869995
9/22/2017,150.15239,928.530029,73.373978,955.099976,170.539993
9/21/2017,151.635208,932.450012,73.176758,964.650024,171.110001
9/20/2017,154.284561,931.580017,73.896599,973.210022,172.169998
9/19/2017,156.914124,921.809998,74.389633,969.859985,172.520004
9/18/2017,156.854813,915,74.113541,974.190002,170.009995
9/15/2017,158.050964,920.289978,74.261444,986.789978,171.639999
9/14/2017,156.469269,925.109985,73.728958,992.210022,170.960007
9/13/2017,157.823593,935.090027,74.162834,999.599976,173.050003
9/12/2017,159.01976,932.070007,73.640221,982.580017,172.960007
9/11/2017,159.652451,929.080017,73.719109,977.960022,173.509995
9/8/2017,156.815277,926.5,72.949966,965.900024,170.949997
9/7/2017,159.415192,935.950012,73.304947,979.469971,173.210007
9/6/2017,160.057755,927.809998,72.378044,967.799988,172.089996
9/5/2017,160.225815,928.450012,72.585106,965.27002,170.720001
9/1/2017,162.173279,937.340027,72.910522,978.25,172.020004
8/31/2017,162.12384,939.330017,73.728958,980.599976,171.970001
8/30/2017,161.481277,929.570007,72.979546,967.590027,169.919998
8/29/2017,161.046326,921.289978,72.032913,954.059998,168.050003
8/28/2017,159.622787,913.809998,71.815979,946.02002,167.240005
8/25/2017,158.031189,915.890015,71.806107,945.26001,166.320007
8/24/2017,157.447952,921.280029,71.677925,952.450012,167.740005
8/23/2017,158.149826,927,71.707504,958,168.710007
8/22/2017,157.952118,924.690002,72.14138,966.900024,169.639999
8/21/2017,155.41153,906.659973,71.145439,953.289978,167.779999
8/18/2017,155.698212,910.669983,71.480705,958.469971,167.410004
8/17/2017,156.054092,910.97998,71.391968,960.570007,166.910004
8/16/2017,159.108719,926.960022,72.624557,978.179993,170
8/15/2017,159.751297,922.219971,72.200539,982.73999,171
8/14/2017,158.021317,922.669983,72.180817,983.299988,170.75
8/11/2017,155.678436,914.390015,71.111694,967.98999,168.080002
8/10/2017,153.543152,907.23999,70.042572,956.919983,167.399994
8/9/2017,158.594666,922.900024,71.082275,982.01001,171.179993
8/8/2017,157.629684,926.789978,71.396149,989.840027,171.229996
8/7/2017,156.37912,929.359985,71.013618,992.27002,171.979996
8/4/2017,153.99614,927.960022,71.288246,987.580017,169.619995
8/3/2017,153.188705,923.650024,70.768402,986.919983,168.589996
8/2/2017,154.734665,930.390015,70.876297,995.890015,169.300003
8/1/2017,147.753204,930.830017,71.19017,996.190002,169.860001
7/31/2017,146.4534,930.5,71.307861,987.780029,169.25
7/28/2017,147.211624,941.530029,71.641357,1020.039978,172.449997
7/27/2017,148.255402,934.090027,71.759064,1046,170.440002
7/26/2017,151.111023,947.799988,72.632011,1052.800049,165.610001
7/25/2017,150.402039,950.700012,72.769333,1039.869995,165.279999
7/24/2017,149.761978,980.340027,72.190636,1038.949951,166
7/21/2017,147.969849,972.919983,72.376991,1025.670044,164.429993
7/20/2017,148.038757,968.150024,72.798759,1028.699951,164.529999
7/19/2017,148.708359,970.890015,72.445648,1026.869995,164.139999
7/18/2017,147.782761,965.400024,71.896385,1024.449951,162.860001
7/17/2017,147.270706,953.419983,71.945412,1010.039978,159.729996
7/14/2017,146.758636,955.98999,71.38633,1001.809998,159.970001
7/13/2017,145.508102,947.159973,70.39566,1000.630005,159.259995
7/12/2017,143.509186,943.830017,69.787552,1006.51001,158.899994
7/11/2017,143.302399,930.090027,68.649765,994.130005,155.270004
7/10/2017,142.839584,928.799988,68.639961,996.469971,153.5
7/7/2017,141.973053,918.590027,68.129906,978.76001,151.440002
7/6/2017,140.545258,906.690002,67.25695,965.140015,148.820007
7/5/2017,141.88443,911.710022,67.757187,971.400024,150.339996
7/3/2017,141.303467,898.700012,66.864609,953.659973,148.429993
6/30/2017,141.815506,908.72998,67.610054,968,150.979996
6/29/2017,141.480713,917.789978,67.178482,975.929993,151.039993
6/28/2017,143.597794,940.48999,68.463402,990.330017,153.240005
6/27/2017,141.529938,927.330017,67.884689,976.780029,150.580002
6/26/2017,143.587967,952.27002,69.17942,993.97998,153.589996
6/23/2017,144.040924,965.590027,69.846397,1003.73999,155.070007
6/22/2017,143.400879,957.090027,68.914589,1001.299988,153.399994
6/21/2017,143.637177,959.450012,68.924393,1002.22998,153.910004
6/20/2017,142.790359,950.630005,68.571289,992.590027,152.25
6/19/2017,144.099991,957.369995,69.512909,995.169983,152.869995
6/16/2017,140.0923,939.780029,68.659569,987.710022,150.639999
6/15/2017,142.08136,942.309998,68.561485,964.169983,149.800003
6/14/2017,142.938065,950.76001,68.924393,976.469971,150.25
6/13/2017,144.346161,953.400024,69.297127,980.789978,150.679993
6/12/2017,143.194092,942.900024,68.443779,964.909973,148.440002
6/9/2017,146.69957,949.830017,68.973434,978.309998,149.600006
6/8/2017,152.617584,983.409973,70.57222,1010.27002,154.710007
6/7/2017,152.991776,980.940002,71.003807,1010.070007,153.119995
6/6/2017,152.085846,976.570007,71.131302,1003,152.809998
6/5/2017,151.573807,983.679993,70.895905,1011.340027,153.630005
6/2/2017,153.070541,975.599976,70.385864,1006.72998,153.610001
6/1/2017,150.835281,966.950012,68.757652,995.950012,151.529999
5/31/2017,150.421722,964.859985,68.502632,994.619995,151.460007
5/30/2017,151.317795,975.880005,69.061729,996.700012,152.380005
5/26/2017,151.258728,971.469971,68.620331,995.780029,152.130005
5/25/2017,151.514725,969.539978,68.28685,993.380005,151.960007
5/24/2017,150.992844,954.960022,67.45311,980.349976,150.039993
5/23/2017,151.445801,948.820007,67.364853,971.539978,148.070007
5/22/2017,151.632904,941.859985,67.139236,970.669983,148.240005
5/19/2017,150.717133,934.01001,66.393806,959.840027,148.059998
5/18/2017,150.205078,930.23999,66.413414,958.48999,147.660004
5/17/2017,147.95015,919.619995,66.18782,944.76001,144.850006
5/16/2017,153.090256,943,68.080872,966.070007,149.779999
5/15/2017,153.316727,937.080017,66.737099,957.969971,150.190002
5/12/2017,153.710602,932.219971,66.688332,961.349976,150.330002
5/11/2017,151.593491,930.599976,66.76635,947.619995,150.039993
5/10/2017,150.293716,928.780029,67.595329,948.950012,150.289993
5/9/2017,151.009598,932.169983,67.332008,952.820007,150.479996
5/8/2017,150.048538,934.299988,67.234482,949.039978,151.059998
5/5/2017,146.076935,927.130005,67.292992,934.150024,150.240005
5/4/2017,143.693954,931.659973,67.107697,937.530029,150.850006
5/3/2017,144.213715,927.039978,67.371025,941.030029,151.800003
5/2/2017,144.654999,916.440002,67.585571,946.940002,152.779999
5/1/2017,143.743011,912.570007,67.692863,948.22998,152.460007
4/28/2017,140.869705,905.960022,66.76635,924.98999,150.25
4/27/2017,141.007004,874.25,66.581055,918.380005,147.699997
4/26/2017,140.899139,871.72998,66.151939,909.289978,146.559998
4/25/2017,141.732681,872.299988,66.239723,907.619995,146.490005
4/24/2017,140.859909,862.76001,65.85936,907.409973,145.470001
4/21/2017,139.516418,843.190002,64.757317,898.530029,143.679993
4/20/2017,139.683151,841.650024,63.879581,902.059998,143.800003
4/19/2017,137.957184,838.210022,63.430969,899.200012,142.270004
4/18/2017,138.467133,836.820007,63.772312,903.780029,140.960007
4/17/2017,139.084946,837.169983,63.860081,901.98999,141.419998
4/13/2017,138.320038,823.559998,63.343189,884.669983,139.389999
4/12/2017,139.055542,824.320007,63.616261,896.22998,139.580002
4/11/2017,138.888809,823.349976,63.860081,902.359985,139.919998
4/10/2017,140.399017,824.72998,63.90884,907.039978,141.039993
4/7/2017,140.565704,824.669983,64.055138,894.880005,140.779999
4/6/2017,140.879517,827.880005,64.103905,898.280029,141.169998
4/5/2017,141.232559,831.409973,63.938095,909.280029,141.850006
4/4/2017,141.968033,834.570007,64.103905,906.830017,141.729996
4/3/2017,140.918762,838.549988,63.928349,891.51001,142.279999
3/31/2017,140.879517,829.559998,64.230675,886.539978,142.050003
3/30/2017,141.144287,831.5,64.084396,876.340027,142.410004
3/29/2017,141.330612,831.409973,63.850319,874.320007,142.649994
3/28/2017,141.016815,820.919983,63.674778,856,141.759995
3/27/2017,138.153336,819.51001,63.489475,846.820007,140.320007
3/24/2017,137.917984,814.429993,63.372452,845.609985,140.339996
3/23/2017,138.192551,817.580017,63.265171,847.380005,139.529999
3/22/2017,138.682877,829.590027,63.421207,848.059998,139.589996
3/21/2017,137.133453,830.460022,62.621498,843.200012,138.509995
3/20/2017,138.722122,848.400024,63.323681,856.969971,139.940002
3/17/2017,137.280563,852.119995,63.265171,852.309998,139.839996
3/16/2017,137.96698,848.780029,63.040863,853.419983,139.990005
3/15/2017,137.74147,847.200012,63.14814,852.969971,139.720001
3/14/2017,136.299911,845.619995,62.816551,852.530029,139.320007
3/13/2017,136.505829,845.539978,63.109127,854.590027,139.600006
3/10/2017,136.447006,843.25,63.323681,852.460022,138.789993
3/9/2017,135.995895,838.679993,63.128632,853,138.240005
3/8/2017,136.309723,835.369995,63.382198,850.5,137.720001
3/7/2017,136.819656,831.909973,62.806801,846.02002,137.300003
3/6/2017,136.643127,827.780029,62.680008,846.609985,137.419998
3/3/2017,137.074615,829.080017,62.660503,849.880005,137.169998
3/2/2017,136.270508,830.630005,62.426449,848.909973,136.759995
3/1/2017,137.084412,835.23999,63.333443,853.080017,137.419998
2/28/2017,134.338623,823.210022,62.397186,845.039978,135.539993
2/27/2017,134.279785,829.280029,62.641006,848.640015,136.410004
2/24/2017,134.015015,828.640015,63.021355,845.23999,135.440002
2/23/2017,133.887512,831.330017,63.021355,852.190002,135.360001
2/22/2017,134.456299,830.76001,62.767784,855.609985,136.119995
2/21/2017,134.054214,831.659973,62.894569,856.440002,133.720001
2/17/2017,133.093216,828.070007,63.021355,845.070007,133.529999
2/16/2017,132.730377,824.159973,62.923824,844.140015,133.839996
2/15/2017,132.887253,818.97998,62.933578,842.700012,133.440002
2/14/2017,132.406754,820.450012,62.972595,836.390015,133.850006
2/13/2017,130.71019,819.23999,62.738533,836.530029,134.050003
2/10/2017,129.562866,813.669983,62.040577,827.460022,134.190002
2/9/2017,129.857056,809.559998,62.098732,821.359985,134.139999
2/8/2017,128.925446,808.380005,61.400784,819.710022,134.199997
2/7/2017,128.427475,806.969971,61.488026,812.5,131.839996
2/6/2017,127.216721,801.340027,61.691597,807.640015,132.059998
2/3/2017,126.035263,801.48999,61.730373,810.200012,130.979996
2/2/2017,125.498253,798.530029,61.235981,839.950012,130.839996
2/1/2017,125.713051,795.695007,61.633434,832.349976,133.229996
1/31/2017,118.487602,796.789978,62.670673,823.47998,130.320007
1/30/2017,118.761009,802.320007,63.135967,830.380005,130.979996
1/27/2017,119.073456,823.309998,63.766079,835.77002,132.179993
1/26/2017,119.063698,832.150024,62.302299,839.150024,132.779999
1/25/2017,119.005104,835.669983,61.730373,836.52002,131.479996
1/24/2017,117.14016,823.869995,61.575272,822.440002,129.369995
1/23/2017,117.247566,819.309998,61.03241,817.880005,128.929993
1/20/2017,117.169449,805.02002,60.819149,808.330017,127.040001
1/19/2017,116.954636,802.174988,60.392612,809.039978,127.550003
1/18/2017,117.159683,806.070007,60.586498,807.47998,127.919998
1/17/2017,117.169449,804.609985,60.615578,809.719971,127.870003
1/13/2017,116.232101,807.880005,60.780376,817.140015,128.339996
1/12/2017,116.437141,806.359985,60.69313,813.640015,126.620003
1/11/2017,116.925346,807.909973,61.255367,799.02002,126.089996
1/10/2017,116.300438,804.789978,60.70282,795.900024,124.349998
1/9/2017,116.183273,806.650024,60.722206,796.919983,124.900002
1/6/2017,115.128761,806.150024,60.916084,795.98999,123.410004
1/5/2017,113.859421,794.02002,60.392612,780.450012,120.669998
1/4/2017,113.283333,786.900024,60.392612,757.179993,118.690002
1/3/2017,113.410263,786.140015,60.664047,753.669983,116.860001
12/30/2016,113.088043,771.820007,60.237511,749.869995,115.050003
12/29/2016,113.976585,782.789978,60.974251,765.150024,116.349998
12/28/2016,114.005882,785.049988,61.061493,772.130005,116.919998
12/27/2016,114.494087,791.549988,61.342609,771.400024,118.010002
12/23/2016,113.77153,789.909973,61.303844,760.590027,117.269997
12/22/2016,113.546967,791.26001,61.604351,766.340027,117.400002
12/21/2016,114.298805,794.559998,61.594658,770.599976,119.040001
12/20/2016,114.191406,796.419983,61.594658,771.219971,119.089996
12/19/2016,113.88871,794.200012,61.672207,766,119.239998
12/16/2016,113.234512,790.799988,60.392612,757.77002,119.870003
12/15/2016,113.088043,797.849976,60.664047,761,120.57
12/14/2016,112.472916,797.070007,60.760986,768.820007,120.209999
12/13/2016,112.472916,796.099976,61.051796,774.340027,120.309998
12/12/2016,110.627495,789.27002,60.266598,760.119995,117.769997
12/9/2016,111.262154,789.289978,60.072723,768.659973,119.68
12/8/2016,109.475334,776.419983,59.142113,767.330017,118.910004
12/7/2016,108.411034,771.190002,59.491096,770.419983,117.949997
12/6/2016,107.356506,759.109985,58.114567,764.719971,117.309998
12/5/2016,106.536316,762.52002,58.376308,759.359985,117.43
12/2/2016,107.307686,750.5,57.435997,740.340027,115.400002
12/1/2016,106.907356,747.919983,57.387524,743.650024,115.099998
11/30/2016,107.913071,758.039978,58.415073,750.570007,118.419998
11/29/2016,108.830894,770.840027,59.219662,762.52002,120.870003
11/28/2016,108.938301,768.23999,58.75436,766.77002,120.410004
11/25/2016,109.153107,761.679993,58.676807,780.369995,120.379997
11/23/2016,108.606323,760.98999,58.550797,780.119995,120.839996
11/22/2016,109.162872,768.27002,59.248745,785.330017,121.470001
11/21/2016,109.094528,769.200012,58.996708,780,121.769997
11/18/2016,107.463921,760.539978,58.502323,760.159973,117.019997
11/17/2016,107.356506,771.22998,58.783447,756.400024,117.790001
11/16/2016,107.395561,764.47998,57.823757,746.48999,116.339996
11/15/2016,104.583504,758.48999,57.067635,743.23999,117.199997
11/14/2016,103.216522,736.080017,55.962532,719.070007,115.080002
11/11/2016,105.872368,754.02002,56.829132,739.01001,119.019997
11/10/2016,105.247467,762.559998,56.521008,742.380005,120.800003
11/9/2016,108.264572,785.309998,57.936436,771.880005,123.18
11/8/2016,108.440315,790.51001,58.2253,787.75,124.220001
11/7/2016,107.805664,782.52002,58.177155,784.929993,122.150002
11/4/2016,106.272697,762.02002,56.530636,755.049988,120.75
11/3/2016,107.239349,762.130005,57.012074,767.030029,120
11/2/2016,108.401276,768.700012,57.223907,765.559998,127.169998
11/1/2016,108.304131,783.609985,57.580177,785.409973,129.5
10/31/2016,110.29554,784.539978,57.695721,789.820007,130.990005
10/28/2016,110.470398,795.369995,57.647572,776.320007,131.289993
10/27/2016,111.208687,795.349976,57.869034,818.359985,129.690002
10/26/2016,112.286957,799.070007,58.37936,822.590027,131.039993
10/25/2016,114.870956,807.669983,58.726002,835.179993,132.289993
10/24/2016,114.288109,813.109985,58.735626,838.090027,133.279999
10/21/2016,113.268097,799.369995,57.44537,818.98999,132.070007
10/20/2016,113.714958,796.969971,55.124832,810.320007,130
10/19/2016,113.773247,801.5,55.394432,817.690002,130.110001
10/18/2016,114.113251,795.26001,55.519615,817.650024,128.570007
10/17/2016,114.190964,779.960022,55.09594,812.950012,127.540001
10/14/2016,114.268661,778.530029,55.288517,822.960022,127.879997
10/13/2016,113.637253,778.190002,54.807083,829.280029,127.82
10/12/2016,113.986969,786.140015,54.990028,834.090027,129.050003
10/11/2016,112.976685,783.070007,55.067055,831,128.880005
10/10/2016,112.733818,785.940002,55.885506,841.710022,130.240005
10/7/2016,110.800682,775.080017,55.654411,839.429993,128.990005
10/6/2016,110.635551,776.859985,55.596645,841.659973,128.740005
10/5/2016,109.81955,776.469971,55.500355,844.359985,128.470001
10/4/2016,109.770973,776.429993,55.115208,834.030029,128.190002
10/3/2016,109.304688,772.559998,55.288517,836.73999,128.770004
9/30/2016,109.81955,777.289978,55.461845,837.309998,128.270004
9/29/2016,108.974403,775.01001,55.269264,829.049988,128.089996
9/28/2016,110.69384,781.559998,55.875877,828.719971,129.229996
9/27/2016,109.858406,783.01001,55.798843,816.109985,128.690002
9/26/2016,109.654411,774.210022,54.78783,799.159973,127.309998
9/23/2016,109.489258,786.900024,55.298145,805.75,127.959999
9/22/2016,111.344696,787.210022,55.673672,804.700012,130.080002
9/21/2016,110.305275,776.219971,55.615902,789.73999,129.940002
9/20/2016,110.324692,771.409973,54.701164,780.219971,128.639999
9/19/2016,110.334419,765.700012,54.816711,775.099976,128.649994
9/16/2016,111.636124,768.880005,55.124832,778.52002,129.070007
9/15/2016,112.26754,771.76001,55.067055,769.690002,128.350006
9/14/2016,108.576126,762.48999,54.171581,761.090027,127.769997
9/13/2016,104.865273,759.690002,54.431561,761.01001,127.209999
9/12/2016,102.42701,769.02002,54.932259,771.48999,128.690002
9/9/2016,100.183022,759.659973,54.12344,760.140015,127.099998
9/8/2016,102.504723,775.320007,55.298145,784.059998,130.270004
9/7/2016,105.263565,780.349976,55.519615,784.47998,131.050003
9/6/2016,104.622429,780.080017,55.47147,788.869995,129.729996
9/2/2016,104.651573,771.460022,55.529236,772.440002,126.510002
9/1/2016,103.680153,768.780029,55.452209,770.619995,126.169998
8/31/2016,103.068153,767.049988,55.327034,769.159973,126.120003
8/30/2016,102.971016,769.090027,55.741074,767.580017,125.839996
8/29/2016,103.767578,772.150024,55.943279,771.289978,126.540001
8/26/2016,103.88414,769.539978,55.875877,769,124.959999
8/25/2016,104.496147,769.409973,56.010674,759.219971,123.889999
8/24/2016,104.943001,769.640015,55.798843,757.25,123.480003
8/23/2016,105.739555,772.080017,55.741074,762.450012,124.370003
8/22/2016,105.409286,772.150024,55.529236,759.47998,124.150002
8/19/2016,106.234985,775.419983,55.481091,757.309998,123.559998
8/18/2016,105.962997,777.5,55.461845,764.460022,123.910004
8/17/2016,106.098991,779.909973,55.423325,764.630005,124.370003
8/16/2016,106.254425,777.140015,55.30777,764.039978,123.300003
8/15/2016,106.35157,782.440002,55.615898,768.48999,123.900002
8/12/2016,105.088715,783.219971,55.443657,772.559998,124.879997
8/11/2016,104.845863,784.849976,55.788143,771.23999,124.900002
8/10/2016,104.913849,784.679993,55.52021,768.559998,124.879997
8/9/2016,105.700714,784.26001,55.692459,768.309998,125.059998
8/8/2016,105.273285,781.76001,55.558483,766.559998,125.260002
8/5/2016,104.408714,782.219971,55.462791,765.97998,125.150002
8/4/2016,102.844727,771.609985,54.917355,760.77002,124.360001
8/3/2016,102.213295,773.179993,54.515446,754.640015,122.510002
8/2/2016,100.947594,771.070007,54.14225,760.580017,123.089996
8/1/2016,102.464508,772.880005,54.14225,767.73999,124.309998
7/29/2016,100.686714,768.789978,54.237942,758.809998,123.940002
7/28/2016,100.812317,745.909973,53.788197,752.609985,125
7/27/2016,99.469307,741.77002,53.769051,736.669983,123.339996
7/26/2016,93.401634,738.419983,54.314491,735.590027,121.220001
7/25/2016,94.048996,739.77002,54.285786,739.609985,121.629997
7/22/2016,95.324364,742.73999,54.132683,744.859985,121
7/21/2016,96.068329,738.630005,53.395859,744.429993,120.610001
7/20/2016,96.580414,741.190002,53.501114,745.719971,121.919998
7/19/2016,96.493454,736.960022,50.80262,739.950012,120.610001
7/18/2016,96.454803,733.780029,51.635136,736.070007,119.370003
7/15/2016,95.4403,719.849976,51.386337,735.440002,116.860001
7/14/2016,95.449966,720.950012,51.424614,741.200012,117.290001
7/13/2016,93.594872,716.97998,51.204517,742.630005,116.779999
7/12/2016,94.126282,720.640015,50.91745,748.210022,117.93
7/11/2016,93.701157,715.090027,50.324162,753.780029,117.870003
7/8/2016,93.411301,705.630005,50.04665,745.809998,117.239998
7/7/2016,92.696312,695.359985,49.166294,736.570007,115.849998
7/6/2016,92.300171,697.77002,49.166294,737.609985,116.699997
7/5/2016,91.778442,694.950012,48.965343,728.099976,114.199997
7/1/2016,92.64801,699.210022,48.955772,725.679993,114.190002
6/30/2016,92.367805,692.099976,48.965343,715.619995,114.279999
6/29/2016,91.208397,684.109985,48.362488,715.599976,114.160004
6/28/2016,90.425781,680.039978,47.309879,707.950012,112.699997
6/27/2016,88.928177,668.26001,46.343391,691.359985,108.970001
6/24/2016,90.242188,675.219971,47.683079,698.960022,112.080002
6/23/2016,92.850914,701.869995,49.673458,722.080017,115.080002
6/22/2016,92.319504,697.460022,48.793098,710.599976,113.910004
6/21/2016,92.667336,695.940002,48.984478,715.820007,114.379997
6/20/2016,91.88472,693.710022,47.912739,714.01001,113.370003
6/17/2016,92.106941,691.719971,47.970154,706.390015,113.019997
6/16/2016,94.251892,710.359985,48.218941,717.51001,114.389999
6/15/2016,93.855766,718.919983,47.54911,714.26001,114.599998
6/14/2016,94.164932,718.27002,47.683079,719.299988,114.940002
6/13/2016,94.048996,718.359985,47.979713,715.23999,113.949997
6/10/2016,95.488617,719.409973,49.261982,717.909973,116.620003
6/9/2016,96.280899,728.580017,49.39595,727.650024,118.559998
6/8/2016,95.594902,728.280029,49.797863,726.640015,118.389999
6/7/2016,95.681847,716.650024,49.85527,723.73999,117.760002
6/6/2016,95.295364,716.549988,49.883984,726.72998,118.790001
6/3/2016,94.609375,722.340027,49.558628,725.539978,118.470001
6/2/2016,94.416138,730.400024,50.218906,728.23999,118.93
6/1/2016,95.131126,734.150024,50.572956,719.440002,118.779999
5/31/2016,96.48378,735.719971,50.716496,722.789978,118.809998
5/27/2016,96.957214,732.659973,50.065796,712.23999,119.379997
5/26/2016,97.01519,724.119995,49.65432,714.909973,119.470001
5/25/2016,96.251907,725.27002,49.874409,708.349976,117.889999
5/24/2016,94.590057,720.090027,49.367249,704.200012,117.699997
5/23/2016,93.169746,704.23999,47.874458,696.75,115.970001
5/20/2016,92.000664,709.73999,48.439037,702.799988,117.349998
5/19/2016,91.015144,700.320007,48.151962,698.52002,116.809998
5/18/2016,91.362984,706.630005,48.620857,697.450012,117.650002
5/17/2016,90.329147,706.22998,48.333775,695.27002,117.349998
5/16/2016,90.705963,716.48999,49.252419,710.659973,118.669998
5/13/2016,87.459572,710.830017,48.539715,709.919983,119.809998
5/12/2016,87.285637,713.309998,48.94833,717.929993,120.279999
5/11/2016,89.382286,715.289978,48.511208,713.22998,119.519997
5/10/2016,90.261513,723.179993,48.4827,703.070007,120.5
5/9/2016,89.652824,712.900024,47.579945,679.75,119.239998
5/6/2016,89.58519,711.119995,47.884022,673.950012,119.489998
5/5/2016,90.087601,701.429993,47.456409,659.090027,117.809998
5/4/2016,90.454765,695.700012,47.389889,670.900024,118.059998
5/3/2016,91.405487,692.359985,47.304363,671.320007,117.43
5/2/2016,89.926582,698.210022,48.093086,683.849976,118.57
4/29/2016,90.022591,693.01001,47.389889,659.590027,117.580002
4/28/2016,91.069382,691.02002,47.418392,602,116.730003
4/27/2016,93.940796,705.840027,48.406677,606.570007,108.889999
4/26/2016,100.211845,708.140015,48.881813,616.880005,108.760002
4/25/2016,100.912903,723.150024,49.51849,626.200012,110.099998
4/22/2016,101.489113,718.77002,49.204899,620.5,110.559998
4/21/2016,101.767609,759.140015,53.005974,631,113.440002
4/20/2016,102.881599,752.669983,52.825428,632.98999,112.419998
4/19/2016,102.670319,753.929993,53.585636,627.900024,112.290001
4/18/2016,103.217735,766.609985,53.652161,635.349976,110.449997
4/15/2016,105.493736,759,52.882446,625.890015,109.639999
4/14/2016,107.65451,753.200012,52.606861,620.75,110.839996
4/13/2016,107.596893,751.719971,52.597363,614.820007,110.510002
4/12/2016,106.060333,743.090027,51.932171,603.169983,110.610001
4/11/2016,104.69664,736.099976,51.609081,595.929993,108.989998
4/8/2016,104.350922,739.150024,51.713608,594.599976,110.629997
4/7/2016,104.235695,740.280029,51.751617,591.429993,113.639999
4/6/2016,106.559723,745.690002,52.378792,602.080017,113.709999
4/5/2016,105.455322,737.799988,51.846645,586.140015,112.220001
4/4/2016,106.713379,745.289978,52.673382,593.190002,112.550003
4/1/2016,105.628189,749.909973,52.806423,598.5,116.059998
3/31/2016,104.667839,744.950012,52.48333,593.640015,114.099998
3/30/2016,105.215225,750.530029,52.312279,598.690002,114.699997
3/29/2016,103.409798,744.77002,51.989182,593.859985,116.139999
3/28/2016,101.018539,733.530029,50.877377,579.869995,113.690002
3/24/2016,101.479515,735.299988,51.514057,582.950012,113.050003
3/23/2016,101.921272,738.059998,51.285988,569.630005,112.540001
3/22/2016,102.487862,740.75,51.381012,560.47998,112.25
3/21/2016,101.709991,742.090027,51.181461,553.97998,111.849998
3/18/2016,101.719589,737.599976,50.829861,552.080017,111.449997
3/17/2016,101.60434,737.780029,51.941669,559.440002,111.019997
3/16/2016,101.767609,736.090027,51.647087,574.27002,112.18
3/15/2016,100.432732,728.330017,50.924885,577.02002,110.669998
3/14/2016,98.454414,730.48999,50.525776,573.369995,109.889999
3/11/2016,98.204727,726.820007,50.430748,569.609985,109.410004
3/10/2016,97.157944,712.820007,49.461475,558.929993,107.32
3/9/2016,97.109947,705.23999,50.212196,559.469971,107.510002
3/8/2016,97.023506,693.969971,49.081371,560.26001,105.93
3/7/2016,97.8302,695.159973,48.492199,562.799988,105.730003
3/4/2016,98.924988,710.890015,49.442467,575.140015,108.389999
3/3/2016,97.474876,712.419983,49.746555,577.48999,109.580002
3/2/2016,96.754623,718.849976,50.316715,580.210022,109.949997
3/1/2016,96.543343,718.809998,49.965118,579.039978,109.82
2/29/2016,92.855621,697.77002,48.349659,552.52002,106.919998
2/26/2016,93.066895,705.070007,48.748772,555.22998,107.919998
2/25/2016,92.922836,705.75,49.508987,555.150024,108.07
2/24/2016,92.289017,699.559998,48.805786,554.039978,106.879997
2/23/2016,90.934929,695.849976,48.634743,552.940002,105.459999
2/22/2016,93.038086,706.460022,50.031635,559.5,107.160004
2/19/2016,92.231384,700.909973,49.242912,534.900024,104.57
2/18/2016,92.442665,697.349976,49.594509,525,103.470001
2/17/2016,94.228897,708.400024,49.813076,534.099976,105.199997
2/16/2016,92.807602,691,48.549217,521.099976,101.610001
2/12/2016,90.262688,682.400024,47.646461,507.079987,102.010002
2/11/2016,89.984192,683.109985,46.882233,503.820007,101.910004
2/10/2016,90.531593,684.119995,46.9011,490.480011,101
2/9/2016,91.223038,678.109985,46.495396,482.070007,99.540001
2/8/2016,91.242241,682.73999,46.61805,488.100006,99.75
2/5/2016,90.291489,683.570007,47.325676,502.130005,104.07
2/4/2016,92.76918,708.01001,49.061703,536.26001,110.489998
2/3/2016,92.029724,726.950012,49.212662,531.070007,112.690002
2/2/2016,90.243576,764.650024,50.005196,552.099976,114.610001
2/1/2016,92.10614,752,51.618568,574.809998,115.089996
1/29/2016,92.975334,742.950012,51.977104,587,112.209999
1/28/2016,89.871048,730.960022,49.118313,635.349976,109.110001
1/27/2016,89.231094,699.98999,48.325783,583.349976,94.449997
1/26/2016,95.506508,713.039978,49.222095,601.25,97.339996
1/25/2016,94.981171,711.669983,48.863567,596.530029,97.010002
1/22/2016,96.872398,725.25,49.33532,596.380005,97.940002
1/21/2016,91.981964,706.590027,47.627583,575.02002,94.160004
1/20/2016,92.449989,698.450012,47.920078,571.77002,94.349998
1/19/2016,92.325813,701.789978,47.703075,574.47998,95.260002
1/15/2016,92.77475,694.450012,48.108776,570.179993,94.970001
1/14/2016,95.057579,714.719971,50.108986,593,98.370003
1/13/2016,93.023087,700.559998,48.722046,581.809998,95.440002
1/12/2016,95.477859,726.070007,49.797626,617.890015,99.370003
1/11/2016,94.111984,716.030029,49.344746,617.73999,97.510002
1/8/2016,92.612358,714.469971,49.373062,607.049988,97.330002
1/7/2016,92.125244,726.390015,49.222095,607.940002,97.919998
1/6/2016,96.184654,743.619995,50.995865,632.650024,102.970001
1/5/2016,98.104546,742.580017,51.939362,633.789978,102.730003
1/4/2016,100.626175,741.840027,51.703487,636.98999,102.220001
12/31/2015,100.540207,758.880005,52.345066,675.890015,104.660004
12/30/2015,102.507828,771,53.12817,689.070007,106.220001
12/29/2015,103.864151,776.599976,53.354599,693.969971,107.260002
12/28/2015,102.030251,762.51001,52.788506,675.200012,105.93
12/24/2015,103.185997,748.400024,52.524326,662.789978,105.019997
12/23/2015,103.740013,750.309998,52.665852,663.700012,104.629997
12/22/2015,102.421867,750,52.222408,663.150024,105.510002
12/21/2015,102.51738,747.77002,51.7318,664.51001,104.769997
12/18/2015,101.275681,739.309998,51.071346,664.140015,104.040001
12/17/2015,104.093407,749.429993,52.552631,670.650024,106.220001
12/16/2015,106.347572,758.090027,52.958328,675.77002,106.790001
12/15/2015,105.535706,743.400024,52.080887,658.640015,104.550003
12/14/2015,107.436455,747.77002,52.024277,657.909973,104.660004
12/11/2015,108.10508,738.869995,51.005306,640.150024,102.120003
12/10/2015,110.961006,749.460022,52.146927,662.320007,105.419998
12/9/2015,110.435677,751.609985,51.873322,664.789978,104.599998
12/8/2015,112.928642,762.369995,52.637547,677.330017,106.489998
12/7/2015,112.976395,763.25,52.656418,669.830017,105.610001
12/4/2015,113.692772,766.809998,52.750759,672.640015,106.18
12/3/2015,110.0345,752.539978,51.137394,666.25,104.379997
12/2/2015,111.066078,762.380005,52.090317,676.01001,106.07
12/1/2015,112.078529,767.039978,52.099762,679.059998,107.120003
11/30/2015,112.995499,742.599976,51.278912,664.799988,104.239998
11/27/2015,112.527473,750.26001,50.882645,673.26001,105.449997
11/25/2015,112.737602,748.150024,50.656204,675.340027,105.410004
11/24/2015,113.5495,748.280029,51.18457,671.150024,105.739998
11/23/2015,112.470169,755.97998,51.127956,678.98999,106.949997
11/20/2015,113.950661,756.599976,51.127956,668.450012,107.32
11/19/2015,113.453979,738.409973,50.89209,661.27002,106.260002
11/18/2015,112.030785,740,50.807163,663.539978,107.769997
11/17/2015,108.592209,725.299988,49.976898,643.299988,105.129997
11/16/2015,109.060242,728.960022,50.392033,647.809998,104.040001
11/13/2015,107.30275,717,49.520462,642.349976,103.949997
11/12/2015,110.531181,731.22998,49.970299,665.599976,108.019997
11/11/2015,110.903687,735.400024,50.279572,673.25,109.010002
11/10/2015,111.534096,728.320007,50.148357,659.679993,107.910004
11/9/2015,115.163704,724.890015,50.75753,655.48999,106.489998
11/6/2015,115.631737,733.76001,51.46978,659.369995,107.099998
11/5/2015,115.498016,731.25,50.963707,655.650024,108.760002
11/4/2015,116.032906,728.109985,50.982452,640.950012,103.940002
11/3/2015,116.575035,722.159973,50.748161,625.309998,102.580002
11/2/2015,115.253029,721.109985,49.895325,628.349976,103.309998
10/30/2015,113.655197,710.809998,49.333019,625.900024,101.970001
10/29/2015,114.634811,716.919983,50.007782,626.549988,104.879997
10/28/2015,113.436432,712.950012,50.588829,617.099976,104.199997
10/27/2015,108.947304,708.48999,50.317055,611.01001,103.699997
10/26/2015,109.641594,712.780029,50.841877,608.609985,103.769997
10/23/2015,113.255737,702,49.548576,599.030029,102.190002
10/22/2015,109.85083,651.789978,45.01263,563.909973,99.669998
10/21/2015,108.195953,642.609985,44.234779,555.77002,97.110001
10/20/2015,108.205444,650.280029,44.76897,560.880005,97
10/19/2015,106.265236,666.099976,44.628387,573.150024,98.470001
10/16/2015,105.608978,662.200012,44.525299,570.76001,97.540001
10/15/2015,106.38887,661.73999,44.056709,562.440002,95.959999
10/14/2015,104.819572,651.159973,43.74744,544.830017,94.07
10/13/2015,106.322281,652.299988,43.944248,548.900024,94.120003
10/12/2015,106.141563,646.669983,44.047337,550.190002,94.260002
10/9/2015,106.636162,643.609985,44.150429,539.799988,93.239998
10/8/2015,104.144302,639.159973,44.469067,533.159973,92.470001
10/7/2015,105.361679,642.359985,43.859894,541.940002,92.400002
10/6/2015,105.865768,645.440002,43.813042,537.47998,92.800003
10/5/2015,105.361679,641.469971,43.700584,543.679993,94.010002
10/2/2015,104.981232,626.909973,42.707176,532.539978,92.07
10/1/2015,104.220398,611.289978,41.807484,520.719971,90.949997
9/30/2015,104.905174,608.419983,41.479473,511.890015,89.900002
9/29/2015,103.7258,594.969971,40.710983,496.070007,86.669998
9/28/2015,106.940506,594.890015,40.570415,504.059998,89.209999
9/25/2015,109.099472,611.969971,41.179577,524.25,92.769997
9/24/2015,109.375282,625.799988,41.151459,533.75,94.410004
9/23/2015,108.728546,622.359985,41.113972,536.070007,93.970001
9/22/2015,107.853531,622.690002,41.14209,538.400024,92.959999
9/21/2015,109.575012,635.440002,41.338898,548.390015,95.550003
9/18/2015,107.9011,629.25,40.748478,540.26001,94.400002
9/17/2015,108.348106,642.900024,41.470097,538.869995,94.339996
9/16/2015,110.716324,635.97998,41.516956,527.390015,93.449997
9/15/2015,110.59269,635.140015,41.217064,522.369995,92.900002
9/14/2015,109.67012,623.23999,40.336117,521.380005,92.309998
9/11/2015,108.623924,625.77002,40.748478,529.440002,92.050003
9/10/2015,107.064133,621.349976,40.570415,522.23999,91.980003
9/9/2015,104.762497,612.719971,40.364231,516.890015,90.440002
9/8/2015,106.816864,614.659973,41.132717,517.539978,89.529999
9/4/2015,103.925537,600.700012,39.933132,499,88.260002
9/3/2015,104.971733,606.25,40.767216,504.720001,88.150002
9/2/2015,106.84539,614.340027,40.636013,510.549988,89.889999
9/1/2015,102.451363,597.789978,39.19276,496.540009,87.230003
8/31/2015,107.24485,618.25,40.785961,512.890015,89.43
8/28/2015,107.748924,630.380005,41.1702,518.01001,91.010002
8/27/2015,107.397011,637.609985,41.14209,518.369995,89.730003
8/26/2015,104.325012,628.619995,40.026848,500.769989,87.190002
8/25/2015,98.666023,582.059998,37.92757,466.369995,83
8/24/2015,98.076347,589.609985,39.061558,463.369995,82.089996
8/21/2015,100.587219,612.47998,40.364231,494.470001,86.059998
8/20/2015,107.140221,646.830017,42.791523,515.780029,90.559998
8/19/2015,109.384789,660.900024,43.681839,532.919983,95.309998
8/18/2015,110.801933,656.130005,44.300377,535.02002,95.169998
8/17/2015,111.429642,660.869995,44.056713,535.219971,93.93
8/14/2015,110.288322,657.119995,43.758774,531.52002,94.419998
8/13/2015,109.517944,656.450012,43.507397,529.659973,93.43
8/12/2015,109.603546,659.559998,43.516712,525.909973,94.190002
8/11/2015,107.93914,660.780029,43.209465,527.460022,93.620003
8/10/2015,113.864433,633.72998,44.066017,524,94.150002
8/7/2015,109.869843,635.299988,43.516712,522.619995,94.300003
8/6/2015,109.498924,642.679993,43.404984,529.460022,95.120003
8/5/2015,109.261162,643.780029,44.298786,537.01001,96.440002
8/4/2015,108.541588,629.25,44.261536,531.900024,94.059998
8/3/2015,112.139442,631.210022,43.581882,535.030029,94.139999
7/31/2015,114.847298,625.609985,43.479465,536.150024,94.010002
7/30/2015,115.860397,632.590027,43.647057,536.76001,95.209999
7/29/2015,116.447395,631.929993,43.097736,529,96.989998
7/28/2015,116.816643,628,42.213249,526.030029,95.290001
7/27/2015,116.239098,627.26001,42.222557,531.409973,94.169998
7/24/2015,117.877068,623.559998,42.771873,529.419983,96.949997
7/23/2015,118.501961,644.280029,42.930157,482.179993,95.440002
7/22/2015,118.558777,662.099976,42.399464,488.269989,97.040001
7/21/2015,123.794601,662.299988,44.019466,488,98.389999
7/20/2015,125.044388,663.02002,43.684296,488.100006,97.910004
7/17/2015,122.724678,672.929993,43.404984,483.01001,94.970001
7/16/2015,121.673759,579.849976,43.442223,475.480011,90.849998
7/15/2015,120.073647,560.219971,42.60429,461.190002,89.760002
7/14/2015,118.928009,561.099976,42.473949,465.570007,89.68
7/13/2015,118.975372,546.549988,42.399464,455.570007,90.099998
7/10/2015,116.721977,530.130005,41.5336,443.51001,87.949997
7/9/2015,113.682739,520.679993,41.449802,434.390015,85.879997
7/8/2015,116.049744,516.830017,41.189114,429.700012,85.650002
7/7/2015,119.003761,525.02002,41.244972,436.720001,87.220001
7/6/2015,119.297279,522.859985,41.32877,436.040009,87.550003
7/2/2015,119.713867,523.400024,41.338078,437.709991,87.290001
7/1/2015,119.865356,521.840027,41.384632,437.390015,86.910004
6/30/2015,118.757591,520.51001,41.10532,434.089996,85.769997
6/29/2015,117.905479,521.52002,41.31015,429.859985,85.800003
6/26/2015,120.007362,531.690002,42.138767,438.100006,88.010002
6/25/2015,120.717476,535.22998,42.501877,440.100006,87.980003
6/24/2015,121.295044,537.840027,42.492569,440.839996,88.860001
6/23/2015,120.272484,540.47998,42.743946,445.98999,87.879997
6/22/2015,120.821625,538.190002,43.041878,436.290009,84.739998
6/19/2015,119.865356,536.690002,42.920841,434.920013,82.510002
6/18/2015,121.077255,536.72998,43.498089,439.390015,82.910004
6/17/2015,120.528114,529.26001,42.799812,427.809998,81.790001
6/16/2015,120.812149,528.150024,42.66946,427.26001,81.059998
6/15/2015,120.168327,527.200012,42.343605,423.670013,80.709999
6/12/2015,120.405037,532.330017,42.799812,429.920013,81.529999
6/11/2015,121.749489,534.609985,43.237389,432.970001,81.830002
6/10/2015,122.024086,536.690002,43.395676,430.769989,82.160004
6/9/2015,120.641731,526.690002,42.501877,425.480011,80.669998
6/8/2015,121.001518,526.830017,42.576355,423.5,80.669998
6/5/2015,121.806305,533.330017,42.958088,426.950012,82.139999
6/4/2015,122.478546,536.700012,43.16291,430.779999,82.050003
6/3/2015,123.198097,540.309998,43.619122,436.589996,82.440002
6/2/2015,123.046638,539.179993,43.684296,430.98999,80.440002
6/1/2015,123.595764,533.98999,43.972912,430.920013,80.290001
5/29/2015,123.349586,532.109985,43.628426,429.230011,79.190002
5/28/2015,124.769791,539.780029,44.17775,426.570007,80.150002
5/27/2015,125.015953,539.789978,44.326717,431.420013,80.550003
5/26/2015,122.724678,532.320007,43.377048,425.470001,79.330002
5/22/2015,125.489357,540.109985,43.665672,427.630005,80.540001
5/21/2015,124.400558,542.51001,44.149815,431.630005,80.480003
5/20/2015,123.141296,539.27002,44.298786,423.859985,80.550003
5/19/2015,123.150787,537.359985,44.298786,421.709991,80.629997
5/18/2015,123.264397,532.299988,44.410503,425.23999,80.879997
5/15/2015,121.919922,533.849976,44.678761,426,80.419998
5/14/2015,122.09034,538.400024,45.067272,432.279999,81.370003
5/13/2015,119.306732,529.619995,44.058998,426.869995,78.440002
5/12/2015,119.174187,529.039978,43.799988,431.019989,77.459999
5/11/2015,119.600243,535.700012,43.818489,432.850006,78.010002
5/8/2015,120.831108,538.219971,44.169998,433.690002,78.510002
5/7/2015,118.596642,530.700012,43.198719,426.880005,78.43
5/6/2015,117.867599,524.219971,42.810211,419.100006,78.099998
5/5/2015,118.612465,530.799988,44.031242,421.190002,77.559998
5/4/2015,121.346771,540.780029,44.623264,423.040009,78.809998
5/1/2015,121.582474,537.900024,45.011772,422.869995,78.989998
4/30/2015,117.999596,537.340027,44.993267,421.779999,78.769997
4/29/2015,121.290192,549.080017,45.381786,429.369995,80.470001
4/28/2015,123.100502,553.679993,45.474281,429.309998,80.68
4/27/2015,125.071068,555.369995,44.429005,438.559998,81.910004
4/24/2015,122.836502,561.967468,44.280998,445.100006,81.529999
4/23/2015,122.261353,544.006287,40.090637,389.98999,82.410004
4/22/2015,121.271347,536.413086,39.766876,389.799988,84.629997
4/21/2015,119.65905,531.049988,39.443119,391.179993,83.620003
4/20/2015,120.309624,532.44989,39.692875,389.51001,83.089996
4/17/2015,117.622444,521.181885,38.499588,375.559998,80.779999
4/16/2015,118.961311,530.87854,38.999104,386.040009,82.309998
4/15/2015,119.536476,529.617859,39.091599,383.450012,82.709999
4/14/2015,119.083893,527.487183,38.52734,385.109985,83.519997
4/13/2015,119.602478,536.219177,38.629086,382.359985,83.010002
4/10/2015,119.838188,537.054565,38.592091,382.649994,82.040001
4/9/2015,119.329041,537.820374,38.370083,383.540009,82.169998
4/8/2015,118.423904,538.645813,38.314587,381.200012,82.279999
4/7/2015,118.810463,534.080933,38.416325,374.410004,82.32
4/6/2015,120.073914,533.827332,38.434837,377.040009,82.440002
4/2/2015,118.159889,532.59906,37.269302,372.25,81.559998
4/1/2015,117.151024,539.590576,37.667065,370.26001,81.669998
3/31/2015,117.32074,545.000854,37.611565,372.100006,82.220001
3/30/2015,119.14991,549.008789,37.889076,374.589996,83.199997
3/27/2015,116.20816,545.338989,37.898323,370.559998,83.300003
3/26/2015,117.141594,552.131592,38.120331,367.350006,83.010002
3/25/2015,116.330727,555.726807,38.351589,370.959991,82.919998
3/24/2015,119.451622,567.069397,39.683628,374.089996,85.309998
3/23/2015,119.941895,555.751648,39.646622,375.109985,84.43
3/20/2015,118.706749,557.293213,39.665119,378.48999,83.800003
3/19/2015,120.21534,554.936157,39.119354,373.23999,82.75
3/18/2015,121.129906,556.437866,39.313614,375.140015,80.910004
3/17/2015,119.781624,547.825317,38.573593,371.920013,79.360001
3/16/2015,117.811035,551.47522,38.444088,373.350006,78.07
3/13/2015,116.528725,544.324585,38.27758,370.579987,78.050003
3/12/2015,117.3396,552.469727,37.944576,374.23999,78.93
3/11/2015,115.255852,548.163452,38.832588,366.369995,77.57
3/10/2015,117.396172,551.972473,38.878849,369.51001,77.550003
3/9/2015,119.875908,565.736694,39.637371,378.559998,79.440002
3/6/2015,119.36676,564.578125,39.184105,380.089996,80.010002
3/5/2015,119.187622,572.181274,39.87788,387.829987,81.209999
3/4/2015,121.195908,570.231995,39.831627,382.720001,80.900002
3/3/2015,121.969078,570.500488,40.03513,384.609985,79.599998
3/2/2015,121.714493,568.213074,40.590145,385.660004,79.75
2/27/2015,121.120499,555.343933,40.562393,380.160004,78.970001
2/26/2015,122.968491,552.43988,40.75666,384.799988,80.410004
2/25/2015,121.431618,540.893433,40.691898,385.369995,79.559998
2/24/2015,124.6185,533.156006,40.784397,378.589996,78.449997
2/23/2015,125.401093,528.998901,40.839905,380.140015,78.839996
2/20/2015,122.101074,536.000366,40.571648,383.660004,79.900002
2/19/2015,121.111046,539.901306,40.238632,379,79.419998
2/18/2015,121.365623,536.746277,40.266396,373.369995,76.709999
2/17/2015,120.526489,539.86908,40.312641,375.429993,75.599998
2/13/2015,119.819328,546.00531,40.294136,381.829987,75.739998
2/12/2015,119.234741,539.958557,39.577713,377.170013,76.230003
2/11/2015,117.745018,533.036682,38.925591,375.140015,76.510002
2/10/2015,115.048439,534.001343,39.127651,373,75.190002
2/9/2015,112.879837,524.941223,38.907211,370.559998,74.440002
2/6/2015,112.134979,528.093872,38.95314,374.279999,74.470001
2/5/2015,113.087288,524.692566,38.989883,373.890015,75.610001
2/4/2015,112.285835,519.898987,38.429604,364.75,75.629997
2/3/2015,111.431198,526.343506,38.209171,363.549988,75.400002
2/2/2015,111.412415,525.587646,37.915253,364.470001,74.989998
1/30/2015,110.03186,531.594604,37.106987,354.529999,75.910004
1/29/2015,111.665985,507.865204,38.585747,311.779999,78
1/28/2015,108.294418,507.208801,37.832584,303.910004,76.239998
1/27/2015,102.499809,515.791565,39.182766,306.75,75.779999
1/26/2015,106.218864,532.280823,43.178192,309.660004,77.5
1/23/2015,106.106171,536.994873,43.334343,312.390015,77.830002
1/22/2015,105.561447,531.465332,43.288406,310.320007,77.650002
1/21/2015,102.884872,515.204773,42.177036,297.25,76.739998
1/20/2015,102.105339,504.125763,42.608727,289.440002,76.239998
1/16/2015,99.541428,505.299316,42.470963,290.73999,75.18
1/15/2015,100.320961,499.043732,41.772903,286.950012,74.050003
1/14/2015,103.119652,498.128784,42.213776,293.269989,76.279999
1/13/2015,103.514084,493.464447,42.581181,294.73999,76.449997
1/12/2015,102.603104,489.854309,42.801613,291.410004,76.720001
1/9/2015,105.19519,493.454498,43.343529,296.929993,77.739998
1/8/2015,105.082497,499.928864,43.710922,300.459991,78.18
1/7/2015,101.194359,498.357513,42.461777,298.420013,76.150002
1/6/2015,99.795021,499.212799,41.92905,295.290009,76.150002
1/5/2015,99.785629,511.057617,42.553627,302.190002,77.190002
1/2/2015,102.67823,521.937744,42.948578,308.519989,78.449997
12/31/2014,103.664352,523.521423,42.663837,310.350006,78.019997
12/30/2014,105.674149,527.519409,43.187382,310.299988,79.220001
12/29/2014,106.979584,527.429932,43.582333,312.040009,80.019997
12/26/2014,107.054726,531.10968,43.977283,309.089996,80.779999
12/24/2014,105.19519,525.878418,44.216091,303.029999,80.769997
12/23/2014,105.69294,527.688477,44.500824,306.290009,80.610001
12/22/2014,106.068596,521.999756,44.069134,306.540009,81.449997
12/19/2014,104.979164,513.526367,43.775223,299.899994,79.879997
12/18/2014,105.796242,508.305054,43.646629,297.730011,78.400002
12/17/2014,102.753387,502.129028,42.011719,298.880005,76.110001
12/16/2014,100.255203,492.680969,41.478989,295.059998,74.690002
12/15/2014,101.645164,510.990295,42.865906,306.070007,76.989998
12/12/2014,103.053902,515.82373,43.123085,307.320007,77.830002
12/11/2014,104.828918,525.450806,43.325157,307.359985,77.730003
12/10/2014,105.13884,523.183228,43.07716,305.839996,76.18
12/9/2014,107.176811,530.453308,43.710922,312.5,76.839996
12/8/2014,105.561447,524.098206,43.811954,306.640015,76.519997
12/5/2014,108.003265,522.387634,44.473263,312.630005,76.360001
12/4/2014,108.463455,534.371765,44.859032,316.929993,75.239998
12/3/2014,108.876686,528.41449,44.16098,316.5,74.879997
12/2/2014,107.655785,530.831177,44.510002,326.309998,75.459999
12/1/2014,108.069008,530.88092,44.65696,326,75.099998
11/28/2014,111.69416,538.867004,43.912991,338.640015,77.699997
11/26/2014,111.759903,537.414978,43.857883,333.570007,77.620003
11/25/2014,110.445091,538.121094,43.600704,335.040009,75.629997
11/24/2014,111.412415,536.321045,43.710922,335.640015,74.010002
11/21/2014,109.383842,534.560669,44.069134,332.630005,73.75
11/20/2014,109.233559,531.905273,44.730442,330.540009,73.599998
11/19/2014,107.693336,534.053467,44.289566,326.540009,73.330002
11/18/2014,108.444672,532.104187,44.767181,324.929993,74.339996
11/17/2014,107.054726,533.576111,45.143761,323.049988,74.239998
11/14/2014,107.23317,541.422974,45.253292,327.820007,74.879997
11/13/2014,105.955902,542.397583,45.28067,316.480011,74.25
11/12/2014,104.481422,544.317078,44.523109,311.51001,74.720001
11/11/2014,103.025711,547.280762,44.605251,312.01001,74.610001
11/10/2014,102.208649,544.496094,44.623508,305.109985,75
11/7/2014,102.377716,538.051514,44.431839,299.859985,75.599998
11/6/2014,102.086563,539.075867,44.450085,296.640015,75.260002
11/5/2014,101.795433,542.934631,43.683392,296.519989,74.830002
11/4/2014,101.552292,551.079895,43.418705,302.809998,75.760002
11/3/2014,102.300392,552.183777,43.300041,305.720001,73.879997
10/31/2014,100.991234,556.022705,42.852802,305.459991,74.989998
10/30/2014,100.037453,547.300659,42.031342,299.070007,74.110001
10/29/2014,100.374069,546.325989,42.551601,294.119995,75.860001
10/28/2014,99.813004,545.898376,42.432945,295.589996,80.769997
10/27/2014,98.28878,537.812805,41.903561,289.970001,80.279999
10/24/2014,98.391663,536.828247,42.104374,287.059998,80.669998
10/23/2014,98.026962,541.005249,41.091236,313.179993,80.040001
10/22/2014,96.306366,529.796875,40.507088,312.970001,78.370003
10/21/2014,95.820122,523.660645,40.963448,315.329987,78.690002
10/20/2014,93.285973,517.991821,40.233265,306.209991,76.949997
10/17/2014,91.331619,508.374695,39.822533,303.640015,75.949997
10/16/2014,90.013115,521.641724,39.010208,302.859985,72.629997
10/15/2014,91.210045,527.131531,39.448318,305.970001,73.209999
10/14/2014,92.341522,534.998291,39.913811,308.309998,73.589996
10/13/2014,93.332733,530.294128,39.84079,306.450012,72.989998
10/10/2014,94.193039,541.512451,40.187622,311.390015,72.910004
10/9/2014,94.464211,557.812866,41.848801,315.369995,75.910004
10/8/2014,94.258507,569.369324,42.697643,322.700012,77.519997
10/7/2014,92.341522,560.657227,41.556725,316.980011,76.290001
10/6/2014,93.155067,574.192749,42.06786,322.200012,77.559998
10/3/2014,93.155067,572.134094,42.06786,322.73999,77.440002
10/2/2014,93.416908,566.962524,41.766647,318.410004,77.080002
10/1/2014,92.743637,565.162415,41.89444,317.459991,76.550003
9/30/2014,94.211754,574.202698,42.314297,322.440002,79.040001
9/29/2014,93.613274,573.208191,42.387302,321.820007,79
9/26/2014,94.211754,573.944153,42.359932,323.209991,78.790001
9/25/2014,91.518661,571.915283,42.022224,321.929993,77.220001
9/24/2014,95.146843,584.774597,42.971462,328.209991,78.540001
9/23/2014,95.979088,577.952087,42.496841,323.630005,78.290001
9/22/2014,94.501625,584.157959,42.953205,324.5,76.800003
9/19/2014,94.408112,592.820374,43.373066,331.320007,77.910004
9/18/2014,95.18425,586.047607,42.606365,325,77
9/17/2014,94.987869,581.572205,42.460331,324,76.43
9/16/2014,94.314598,576.778564,42.67939,327.76001,76.080002
9/15/2014,95.034615,569.966003,42.204769,323.890015,74.580002
9/12/2014,95.062691,572.472229,42.624622,331.190002,77.480003
9/11/2014,94.847603,578.170898,42.898438,330.519989,77.919998
9/10/2014,94.445526,579.911316,42.752403,331.329987,77.43
9/9/2014,91.630852,577.832764,42.67939,329.75,76.669998
9/8/2014,91.976845,586.495117,42.4147,342.339996,77.889999
9/5/2014,92.547249,582.875061,41.903561,346.380005,77.260002
9/4/2014,91.752419,578.797485,41.310291,345.950012,75.949997
9/3/2014,92.519188,574.779541,41.036469,339,75.830002
9/2/2014,96.59626,574.172913,41.155117,342.380005,76.68
8/29/2014,95.848152,568.474243,41.46545,339.040009,74.82
8/28/2014,95.614388,566.087341,40.963448,340.019989,73.860001
8/27/2014,95.502167,567.877502,40.954323,343.179993,74.629997
8/26/2014,94.342651,574.700012,41.082104,341.829987,75.959999
8/25/2014,94.95047,577.027222,41.228134,334.019989,75.019997
8/22/2014,94.744743,579.374268,41.209892,331.589996,74.57
8/21/2014,94.05278,580.179871,41.273773,332.910004,74.57
8/20/2014,94.043434,581.293762,41.027344,335.779999,74.809998
8/19/2014,94.006012,583.650757,41.374172,335.130005,75.290001
8/18/2014,92.724922,578.976501,40.917824,334.529999,74.589996
8/15/2014,91.621513,570.343933,40.627552,333.630005,73.629997
8/14/2014,91.172653,571.507568,40.155872,333.209991,74.300003
8/13/2014,90.929512,571.636841,39.983536,326.279999,73.769997
8/12/2014,89.741943,559.65271,39.475582,319.320007,72.830002
8/11/2014,89.760643,564.774536,39.185322,318.329987,73.440002
8/8/2014,88.591759,565.659729,39.185322,316.799988,73.059998
8/7/2014,88.348633,560.279297,39.212524,311.450012,73.169998
8/6/2014,88.357979,563.276794,38.768066,313.890015,72.470001
8/5/2014,88.506859,561.979919,39.076462,312.320007,72.690002
8/4/2014,88.944183,570.015747,39.33952,313.649994,73.510002
8/1/2014,89.44664,562.974487,38.876915,307.059998,72.360001
7/31/2014,88.953499,568.474243,39.149036,312.98999,72.650002
7/30/2014,91.326195,584.207703,39.529995,322.51001,74.68
7/29/2014,91.540215,582.407593,39.811192,320,73.709999
7/28/2014,92.135719,587.3703,39.883755,320.410004,74.919998
7/25/2014,90.87957,585.79895,40.364502,324.01001,75.190002
7/24/2014,90.284065,590.105286,40.2738,358.609985,74.980003
7/23/2014,90.432945,592.720886,40.700115,358.140015,71.290001
7/22/2014,88.134674,591.487671,40.663837,360.839996,69.269997
7/21/2014,87.408913,586.246521,40.672901,359.76001,69.400002
7/18/2014,87.864822,591.825806,40.536842,358.660004,68.419998
7/17/2014,86.618011,570.59259,40.391716,352.450012,66.410004
7/16/2014,88.190491,579.473755,39.983536,355.899994,67.660004
7/15/2014,88.692963,581.582153,38.505013,354.440002,67.169998
7/14/2014,89.744392,581.671631,38.223816,355.320007,67.900002
7/11/2014,88.599915,576.012756,38.178467,346.200012,66.339996
7/10/2014,88.432434,567.976929,37.815639,327.920013,64.870003
7/9/2014,88.758087,572.929749,37.797497,329.970001,64.970001
7/8/2014,88.720863,567.967041,37.897282,323.809998,62.759998
7/7/2014,89.297775,579.065979,38.087769,333.549988,65.290001
7/3/2014,87.49263,581.53241,37.915424,337.48999,66.290001
7/2/2014,86.980873,579.150513,38.00613,332.850006,66.449997
7/1/2014,87.018105,579.483704,37.978916,332.390015,68.059998
6/30/2014,86.469116,572.134094,37.824715,324.779999,67.290001
6/27/2014,85.585167,574.083374,38.323601,324.570007,67.599998
6/26/2014,84.580269,572.850159,37.842857,325.690002,67.129997
6/25/2014,84.077789,575.485657,38.124043,327.440002,67.440002
6/24/2014,84.003365,561.53241,37.870071,324.160004,65.720001
6/23/2014,84.515114,561.860596,38.087769,327.23999,65.370003
6/20/2014,84.589569,553.317566,37.806572,324.200012,64.5
6/19/2014,85.473503,551.86554,37.652367,327,64.339996
6/18/2014,85.771263,550.343933,37.779369,334.380005,65.599998
6/17/2014,85.678207,540.040588,37.806572,325.619995,64.400002
6/16/2014,85.789871,541.30365,37.643303,327.619995,64.190002
6/13/2014,84.933846,548.742737,37.398388,326.269989,64.5
6/12/2014,85.873611,548.334961,36.8088,325.910004,64.290001
6/11/2014,87.334457,555.783997,37.062775,335.200012,65.779999
6/10/2014,87.697365,557.484619,37.289543,332.410004,65.769997
6/9/2014,87.185577,559.046082,37.434677,327.5,62.880001
6/6/2014,85.812477,553.28772,37.625156,329.670013,62.5
6/5/2014,86.049088,550.871033,37.380253,323.570007,63.189999
6/4/2014,85.712769,541.681519,36.57296,306.779999,63.34
6/3/2014,84.745071,541.960022,36.54575,307.190002,62.869999
6/2/2014,83.563377,550.900879,36.999279,308.839996,63.080002
5/30/2014,84.141617,556.828247,37.135349,312.549988,63.299999
5/29/2014,84.457962,557.017212,36.591099,313.779999,63.830002
5/28/2014,82.946617,558.608459,36.291767,310.160004,63.509998
5/27/2014,83.161942,562.855103,36.455032,310.820007,63.48
5/23/2014,81.633316,549.677551,36.391537,312.23999,61.349998
5/22/2014,80.721428,542.079346,36.373394,304.910004,60.52
5/21/2014,80.593834,535.992798,36.60017,305.01001,60.490002
5/20/2014,80.381149,526.872986,35.992443,301.190002,58.560001
5/19/2014,80.365196,525.967957,36.055923,296.76001,59.209999
5/16/2014,79.424072,517.782959,36.12849,297.700012,58.02
5/15/2014,78.268967,517.136536,35.919861,295.190002,57.919998
5/14/2014,78.940239,523.77002,36.500397,297.619995,59.23
5/13/2014,78.925613,530.174805,36.66367,304.640015,59.830002
5/12/2014,78.801994,527.022156,36.001507,302.859985,59.830002
5/9/2014,77.832993,515.893311,35.614201,292.23999,57.240002
5/8/2014,78.15863,508.205627,35.704266,288.320007,56.759998
5/7/2014,75.674263,507.171295,35.506107,292.709991,57.389999
5/6/2014,75.940018,512.322998,35.181862,297.380005,58.529999
5/5/2014,76.776825,524.923706,35.515125,310.049988,61.220001
5/2/2014,75.706215,525.04303,35.749298,308.01001,60.459999
5/1/2014,75.565689,528.444336,36.028522,307.890015,61.150002
4/30/2014,75.3881,523.779968,36.388817,304.130005,59.779999
4/29/2014,75.674263,524.81427,36.487892,300.380005,58.150002
4/28/2014,75.899139,514.32196,36.812149,296.579987,56.139999
4/25/2014,73.069313,513.3573,35.947464,303.829987,57.709999
4/24/2014,72.536575,522.288208,35.902424,337.149994,60.869999
4/23/2014,67.040466,524.058472,35.749298,324.579987,61.360001
4/22/2014,67.928375,531.885437,36.01952,329.320007,63.029999
4/21/2014,67.860657,525.729248,35.974483,330.869995,61.240002
4/17/2014,67.064743,533.168335,36.037537,324.910004,58.939999
4/16/2014,66.307129,553.496582,36.388817,323.679993,59.720001
4/15/2014,66.172997,533.50647,35.803349,316.079987,59.09
4/14/2014,66.648232,529.60791,35.289936,315.910004,58.889999
4/11/2014,66.383789,527.698425,35.316959,311.730011,58.529999
4/10/2014,66.878227,537.991821,35.452068,317.109985,59.16
4/9/2014,67.75206,561.054993,36.45187,331.809998,62.41
4/8/2014,66.8731,551.86554,35.866398,327.070007,58.189999
4/7/2014,66.87693,535.207153,35.848389,317.76001,56.950001
4/4/2014,67.943726,540.169861,35.911434,323,56.75
4/3/2014,68.834145,566.62439,36.938244,333.619995,59.490002
4/2/2014,69.314529,563.899353,37.244499,341.959991,62.720001
4/1/2014,69.199539,564.058533,37.307549,342.98999,62.619999
3/31/2014,68.572273,553.924255,36.920242,336.369995,60.240002
3/28/2014,68.587601,556.927734,36.298744,338.290009,60.009998
3/27/2014,68.664246,555.406067,35.452068,338.470001,60.970001
3/26/2014,68.96064,562.327576,35.839375,343.410004,60.389999
3/25/2014,69.626259,575.61615,36.33477,354.709991,64.889999
3/24/2014,68.885262,575.223694,36.478886,351.850006,64.099998
3/21/2014,68.077827,587.697571,36.172642,360.619995,67.239998
3/20/2014,67.54509,594.711975,36.325768,368.970001,66.970001
3/19/2014,67.872169,595.750244,35.371006,373.230011,68.239998
3/18/2014,67.89003,601.716431,35.623215,378.769989,69.190002
3/17/2014,67.294701,592.198303,34.272133,375.040009,68.739998
3/14/2014,67.032784,582.610657,33.956882,373.73999,67.720001
3/13/2014,67.794228,590.688171,34.128021,371.51001,68.830002
3/12/2014,68.555649,599.749207,34.470291,370.640015,70.879997
3/11/2014,68.48922,596.117798,34.245113,368.820007,70.099998
3/10/2014,67.82872,601.870422,34.064972,370.529999,72.029999
3/7/2014,67.767372,603.470032,34.137028,372.059998,69.800003
3/6/2014,67.806984,605.864441,34.362217,372.160004,70.839996
3/5/2014,68.01268,605.193787,34.326187,372.369995,71.57
3/4/2014,67.869591,603.529602,34.596394,363.899994,68.800003
3/3/2014,67.424995,597.459106,34.028946,359.779999,67.410004
2/28/2014,67.230804,603.897217,34.506325,362.100006,68.459999
2/27/2014,67.413513,605.66571,34.101006,360.130005,68.940002
2/26/2014,66.095062,606.142639,33.749714,359.799988,69.260002
2/25/2014,66.696777,606.058167,33.812775,358.320007,69.849998
2/24/2014,67.398178,602.337402,33.94788,351.779999,70.779999
2/21/2014,67.10434,598.005554,34.209091,346.76001,68.589996
2/20/2014,67.858101,598.16449,34.001926,349.799988,69.629997
2/19/2014,68.652756,597.285217,33.785755,347.380005,68.059998
2/18/2014,69.754028,601.527649,33.704685,353.649994,67.300003
2/14/2014,69.49852,597.513733,33.632629,357.350006,67.089996
2/13/2014,69.554703,596.07312,33.623692,357.200012,67.330002
2/12/2014,68.467506,589.510803,33.498535,349.25,64.449997
2/11/2014,68.472603,591.244507,33.230324,361.790009,64.849998
2/10/2014,67.582138,582.675232,32.899548,360.869995,63.549999
2/7/2014,66.392738,584.91571,32.684982,361.079987,64.32
2/6/2014,65.476723,576.232178,32.345253,354.589996,62.16
2/5/2014,62.759319,567.906311,32.023411,346.450012,62.189999
2/4/2014,62.294071,565.402588,32.497234,347.950012,62.75
2/3/2014,61.405186,563.052856,32.613461,346.149994,61.48
1/31/2014,61.291309,586.669312,33.829311,358.690002,62.57
1/30/2014,61.190922,564.02655,32.95319,403.01001,61.080002
1/29/2014,61.309677,549.883545,32.774384,384.200012,53.529999
1/28/2014,62.013683,557.876526,32.425724,394.429993,55.139999
1/27/2014,67.400864,547.056946,32.211159,386.279999,53.549999
1/24/2014,66.858467,558.283875,32.908493,387.600006,54.450001
1/23/2014,68.096291,576.301697,32.237972,399.869995,56.630001
1/22/2014,67.524521,578.745789,32.121754,404.540009,57.509998
1/21/2014,67.225777,578.090088,32.336304,407.049988,58.509998
1/17/2014,66.197319,571.547607,32.524063,399.609985,56.299999
1/16/2014,67.859993,574.374268,32.980011,395.799988,57.189999
1/15/2014,68.240753,570.598816,32.863777,395.869995,57.599998
1/14/2014,66.897652,570.986267,31.987656,397.540009,57.740002
1/13/2014,65.592491,557.861633,31.272449,390.980011,55.91
1/10/2014,65.25087,561.438354,32.220097,397.660004,57.939999
1/9/2014,65.689217,561.468201,31.764153,401.01001,57.220001
1/8/2014,66.538902,566.927673,31.969778,401.920013,58.23
1/7/2014,66.120186,565.750366,32.550877,398.029999,57.919998
1/6/2014,66.596466,555.049927,32.300552,393.630005,57.200001
1/3/2014,66.235268,548.929749,32.997879,396.440002,54.560001
1/2/2014,67.722862,552.963501,33.221386,397.970001,54.709999
12/31/2013,68.688881,556.734009,33.444885,398.790009,54.650002
12/30/2013,67.893066,551.145325,33.337616,393.369995,53.709999
12/27/2013,68.574997,555.586426,33.337616,398.079987,55.439999
12/26/2013,69.041496,555.119507,33.471706,404.390015,57.73
12/24/2013,69.50309,552.327637,33.149868,399.200012,57.959999
12/23/2013,69.799385,553.947083,32.738621,402.920013,57.77
12/20/2013,67.21965,546.753906,32.899548,402.200012,55.119999
12/19/2013,66.661339,539.600403,32.407841,395.190002,55.049999
12/18/2013,67.433922,538.870178,32.702858,395.959991,55.57
12/17/2013,67.950592,531.473267,32.649212,387.649994,54.860001
12/16/2013,68.257927,533.023193,32.980011,388.970001,53.810001
12/13/2013,67.882027,526.96759,32.801201,384.23999,53.32
12/12/2013,68.630119,531.522949,33.275028,381.25,51.830002
12/11/2013,68.730499,535.164246,33.623692,382.190002,49.380001
12/10/2013,69.24353,538.825439,34.070702,387.779999,50.25
12/9/2013,69.35125,535.586548,34.607086,384.890015,48.84
12/6/2013,68.566452,531.478271,34.294197,386.950012,47.939999
12/5/2013,69.531235,525.253723,33.972343,384.48999,48.34
12/4/2013,69.17617,525.671021,34.812721,385.959991,48.619999
12/3/2013,69.337791,523.226929,34.249496,384.660004,46.73
12/2/2013,67.490242,523.832947,34.37466,392.299988,47.060001
11/29/2013,68.082802,526.37146,34.088577,393.619995,47.009998
11/27/2013,66.845009,528.120117,33.61475,386.709991,46.490002
11/26/2013,65.307205,525.785278,33.391251,381.369995,45.889999
11/25/2013,64.124481,519.585571,33.650509,376.640015,44.82
11/22/2013,63.642082,512.610962,33.587921,372.309998,46.23
11/21/2013,63.806152,513.693909,33.435951,368.920013,46.700001
11/20/2013,63.054394,507.851898,33.149868,362.570007,46.43
11/19/2013,63.611477,509.287567,32.845905,364.940002,46.360001
11/18/2013,63.498821,512.442078,33.006832,366.179993,45.830002
11/15/2013,64.277519,513.440552,33.57468,369.170013,49.009998
11/14/2013,64.665649,514.270142,33.734394,367.399994,48.990002
11/13/2013,63.743702,512.899109,33.858604,356.220001,48.709999
11/12/2013,63.667797,502.620941,33.148788,349.529999,46.610001
11/11/2013,63.550251,502.029785,33.352871,354.380005,46.200001
11/8/2013,63.735111,504.732208,33.521446,350.309998,47.529999
11/7/2013,62.747082,500.718323,33.27301,343.559998,47.560001
11/6/2013,63.779209,508.070496,33.876354,356.179993,49.119999
11/5/2013,61.719852,507.459473,32.509945,358.890015,50.110001
11/4/2013,61.872543,509.739624,31.888851,358.73999,48.220001
11/1/2013,61.08321,510.20163,31.525068,359,49.75
10/31/2013,61.396824,511.960205,31.4186,364.029999,50.209999
10/30/2013,61.655243,511.880707,31.533943,361.079987,49.009998
10/29/2013,60.689693,514.771912,31.516201,362.700012,49.400002
10/28/2013,62.240196,504.22052,31.560558,358.160004,50.23
10/25/2013,61.779747,504.319885,31.702518,363.390015,51.950001
10/24/2013,62.478638,509.461456,29.919086,332.209991,52.450001
10/23/2013,61.662289,512.372498,29.954584,326.76001,51.900002
10/22/2013,61.0644,500.246368,30.682148,332.540009,52.68
10/21/2013,61.239429,498.408325,31.045937,326.440002,53.849998
10/18/2013,59.774693,502.437134,31.01932,328.929993,54.220001
10/17/2013,59.259037,441.523315,30.98382,310.769989,52.209999
10/16/2013,58.860844,446.113464,30.735386,310.48999,51.139999
10/15/2013,58.575417,438.155212,30.602301,306.399994,49.5
10/14/2013,58.265316,435.224274,30.566809,310.700012,49.509998
10/11/2013,57.885921,433.177612,30.282873,310.890015,49.110001
10/10/2013,57.513561,431.314728,29.954584,305.170013,49.049999
10/9/2013,57.155315,425.164703,29.34236,298.230011,46.77
10/8/2013,56.491661,424.076782,29.289122,303.230011,47.139999
10/7/2013,57.291565,430.072784,29.546432,310.029999,50.52
10/4/2013,56.737148,433.356445,30.061054,319.040009,51.040001
10/3/2013,56.781784,435.214355,30.04331,314.76001,49.18
10/2/2013,57.504166,441.125916,30.096542,320.51001,50.279999
10/1/2013,57.316231,440.634094,29.794872,320.950012,50.419998
9/30/2013,55.999493,435.124939,29.528688,312.640015,50.23
9/27/2013,56.704269,435.363373,29.519808,316.01001,51.240002
9/26/2013,57.111843,436.24762,29.076172,318.119995,50.389999
9/25/2013,56.560963,435.78067,28.845478,312.649994,49.459999
9/24/2013,57.450146,440.554626,28.79224,314.130005,48.450001
9/23/2013,57.631035,440.385712,29.049555,311.48999,47.189999
9/20/2013,54.902412,448.637054,29.09392,316.339996,47.490002
9/19/2013,55.476803,446.292297,29.848103,312.059998,45.98
9/18/2013,54.581741,448.741364,29.564175,312.029999,45.23
9/17/2013,53.4823,440.191986,29.218134,304.170013,45.07
9/16/2013,52.87151,441.011658,29.102791,296.059998,42.509998
9/13/2013,54.607578,441.662415,29.306868,297.920013,44.310001
9/12/2013,55.522602,443.644531,29.00519,298.859985,44.75
9/11/2013,54.937645,445.199402,29.049555,299.640015,45.040001
9/10/2013,58.100861,441.463715,28.739006,300.359985,43.599998
9/9/2013,59.455212,441.155701,28.091293,299.709991,44.040001
9/6/2013,58.521381,436.948059,27.638779,295.859985,43.950001
9/5/2013,58.174866,436.938141,27.709764,294.100006,42.66
9/4/2013,58.576588,432.998749,27.683146,293.640015,41.779999
9/3/2013,57.389057,427.410095,28.286497,288.799988,41.869999
8/30/2013,57.229309,420.713654,29.635159,280.980011,41.290001
8/29/2013,57.755524,424.951111,29.768251,283.980011,41.279999
8/28/2013,57.661564,421.533325,29.297997,281.579987,40.549999
8/27/2013,57.390232,422.328156,29.510946,280.929993,39.639999
8/26/2013,59.079327,430.395691,30.300621,286.209991,41.34
8/23/2013,58.850273,432.293335,30.832983,290.01001,40.549999
8/22/2013,59.078148,434.032043,28.739006,289.730011,38.549999
8/21/2013,59.007671,431.856201,28.046932,284.570007,38.32
8/20/2013,58.856155,429.913818,28.055801,287.089996,38.41
8/19/2013,59.639614,430.028076,27.851728,285.570007,37.810001
8/16/2013,59.004147,425.68631,28.215508,284.820007,37.080002
8/15/2013,58.484966,427.052429,28.206642,286.470001,36.560001
8/14/2013,58.554276,432.094635,28.703514,291.339996,36.650002
8/13/2013,57.505344,437.777679,28.59704,293.970001,37.02
8/12/2013,54.896542,439.893921,28.960827,296.690002,38.220001
8/9/2013,53.380112,442.328094,28.811049,297.26001,38.5
8/8/2013,54.150658,443.445801,28.978449,295.73999,38.540001
8/7/2013,52.109192,442.447296,28.247158,296.910004,38.869999
8/6/2013,52.139446,445.388184,27.824247,300.75,38.549999
8/5/2013,52.610134,449.575928,27.929974,300.98999,39.189999
8/2/2013,51.835732,450.355865,28.097374,304.209991,38.049999
8/1/2013,51.17902,449.188477,27.90354,305.570007,37.490002
7/31/2013,50.713947,441.006683,28.053324,301.220001,36.799999
7/30/2013,50.802479,442.581421,28.062134,302.410004,37.630001
7/29/2013,50.182755,438.284393,27.789,306.100006,35.43
7/26/2013,49.420692,439.814423,27.859488,312.01001,34.009998
7/25/2013,49.14164,440.981842,27.656841,303.399994,34.360001
7/24/2013,49.366905,448.532715,28.15905,298.940002,26.51
7/23/2013,46.955208,448.979828,28.035704,301.059998,26.129999
7/22/2013,47.775539,452.407532,28.203108,303.480011,26.049999
7/19/2013,47.623127,445.403076,27.665655,305.230011,25.879999
7/18/2013,48.386299,452.397583,31.225174,304.109985,26.18
7/17/2013,48.223812,456.307159,31.489504,308.690002,26.65
7/16/2013,48.211479,456.83374,31.956472,306.869995,26.32
7/15/2013,47.902172,459.35733,31.868355,306.570007,26.280001
7/12/2013,47.797943,458.517792,31.42782,307.549988,25.91
7/11/2013,47.885357,457.146698,31.445446,299.660004,25.809999
7/10/2013,47.150196,450.067749,30.573187,292.329987,25.799999
7/9/2013,47.331741,449.69516,30.264809,291.529999,25.48
7/8/2013,46.51366,449.620636,30.247189,290.589996,24.709999
7/5/2013,46.779251,443.858124,30.141464,285.880005,24.370001
7/3/2013,47.158039,440.350952,29.965244,284.029999,24.52
7/2/2013,46.899162,438.30426,29.903574,283.730011,24.41
7/1/2013,45.860298,441.071259,30.27363,282.100006,24.809999
6/28/2013,44.438164,437.340515,30.432215,277.690002,24.879999
6/27/2013,44.129971,435.701172,30.502701,277.549988,24.66
6/26/2013,44.610741,434.002228,30.264809,277.570007,24.16
6/25/2013,45.121765,430.3013,29.665686,272.089996,24.25
6/24/2013,45.111698,432.084717,29.709734,270.609985,23.940001
6/21/2013,46.339951,437.618713,29.31325,273.359985,24.530001
6/20/2013,46.714264,439.511414,29.507097,273.440002,23.9
6/19/2013,47.404587,447.429901,30.476263,278.160004,24.309999
6/18/2013,48.387424,447.400085,30.819887,281.76001,24.209999
6/17/2013,48.4132,440.261536,30.837511,278.059998,24.02
6/14/2013,48.194675,434.692749,30.308867,273.98999,23.629999
6/13/2013,48.856991,435.666412,30.590807,275.790009,23.73
6/12/2013,48.434486,433.172638,30.837511,271.670013,23.77
6/11/2013,49.040783,437.062317,30.696545,274.779999,24.030001
6/10/2013,49.185345,442.233704,31.25161,281.070007,24.33
6/7/2013,49.512577,437.022583,31.42782,276.869995,23.290001
6/6/2013,49.137157,429.526337,30.802269,267.829987,22.969999
6/5/2013,49.882401,427.072296,30.643673,267.170013,22.9
6/4/2013,50.353092,426.774231,30.828697,265.700012,23.52
6/3/2013,50.511097,431.011688,31.35734,266.880005,23.85
5/31/2013,50.400158,432.795074,30.749401,269.200012,24.35
5/30/2013,50.607475,432.566559,30.863935,266.829987,24.549999
5/29/2013,49.864471,431.349487,30.731781,265.529999,23.32
5/28/2013,49.471127,437.787628,30.855129,267.290009,24.1
